NOM_EVENEMENT,DATE,VILLE
LES UNION THUGS : ROCK ET RENOUVEAU SYNDICAL,2022-12-28,La Baie
FRÈRELOYALE02 & FOU BRK,2022-01-07,Jonquière
ON VA TOUS MOURIR,2022-01-13,Chicoutimi
LE THÉÂTRE LA RUBRIQUE PRÉSENTE ZÉRO,2022-01-14,Jonquière
MAX PEARSON & MAT LÉVESQUE,2022-01-14,Dolbeau-Mistassini
LAURENT PAQUIN & SIMON BOUDREAULT,2022-01-14,Roberval
BLUFF,2022-01-14,Alma
LILA ET JUILLET - PLATEAU DOUBLE,2022-01-14,Jonquière
LAURENT PAQUIN & SIMON BOUDREAULT,2022-01-15,Dolbeau-Mistassini
SAM BRETON,2022-01-19,Chicoutimi
ROCH VOISINE,2022-01-20,Dolbeau-Mistassini
SAM BRETON,2022-01-20,Alma
ROCH VOISINE,2022-01-21,Chicoutimi
SIMON BRETON,2022-01-21,Dolbeau-Mistassini
JE REVIENS CHEZ NOUS,2022-01-21,Alma
ANDRÉANNE A. MALETTE - SITKA,2022-01-21,Roberval
JE REVIENS CHEZ NOUS,2022-01-21,Alma
ANDRÉANNE A. MALETTE - SITKA,2022-01-22,Jonquière
ARTHUR L'AVENTURIER,2022-01-23,Jonquière
JAY SCOTT,2022-01-27,Jonquière
JAY SCØTT,2022-01-27,Jonquière
BENOIT LABONTÉ,2022-01-28,Dolbeau-Mistassini
SIMON LEBLANC,2022-02-03,Chicoutimi
MARIO PELCHAT,2022-02-03,Dolbeau-Mistassini
VÉRANDA,2022-02-03,Saint-Prime
DUMAS,2022-02-04,Jonquière
VÉRANDA,2022-02-04,Alma
VÉRANDA,2022-02-05,Jonquière
MARIO PELCHAT,2022-02-06,Alma
LUDOVICK BOURGEOIS,2022-02-09,Jonquière
PIERRE-YVES ROY-DESMARAIS,2022-02-09,Alma
SIMON DELISLE,2022-02-10,Jonquière
PIERRE-YVES ROY-DESMARAIS,2022-02-10,Dolbeau-Mistassini
LUDOVICK BOURGEOIS,2022-02-10,Alma
JP « LE PAD » TREMBLAY,2022-02-10,Jonquière
PIERRE-YVES ROY-DESMARAIS,2022-02-11,La Baie
ÉMILE PROULX-CLOUTIER,2022-02-11,Jonquière
DOMINIC PAQUET,2022-02-12,Alma
DOMINIC PAQUET,2022-02-13,Dolbeau-Mistassini
POUR UNE HISTOIRE D'UN SOIR,2022-02-16,Chicoutimi
RACHID BADOURI,2022-02-17,Dolbeau-Mistassini
BEYRIES,2022-02-17,Alma
GUILLAUME PINEAULT,2022-02-17,Chicoutimi
P-A MÉTHOT,2022-02-18,Chicoutimi
POUR UNE HISTOIRE D'UN SOIR,2022-02-18,Dolbeau-Mistassini
MICHEL BARRETTE,2022-02-18,Alma
SHEENAH KO,2022-02-18,Jonquière
IRVIN BLAIS,2022-02-19,La Baie
TAKTIKA & SOULDIA,2022-02-19,Jonquière
MICHEL BARRETTE,2022-02-19,Dolbeau-Mistassini
OSSLSJ ET JULIE BOULIANNE,2022-02-19,Alma
BEYRIES,2022-02-19,Jonquière
JULIE BOULIANNE,2022-02-20,Dolbeau-Mistassini
DAMIEN ROBITAILLE,2022-02-20,Saint-Prime
SALEBARBES,2022-02-23,Roberval
LYNDA LEMAY,2022-02-24,Dolbeau-Mistassini
SALEBARBES,2022-02-24,Chicoutimi
LE RÊVE DU DIABLE,2022-02-24,Jonquière
RÉVOLUTION EN TOURNÉE,2022-02-25,La Baie
LYNDA LEMAY,2022-02-25,Alma
ALACLAIR ENSEMBLE,2022-02-25,Jonquière
LE RÊVE DU DIABLE,2022-02-25,Saint-Prime
LYNDA LEMAY,2022-02-26,Chicoutimi
LE RÊVE DU DIABLE,2022-02-26,Alma
KATTAM ET SES TAMS-TAMS,2022-02-28,Dolbeau-Mistassini
KID KOUNA,2022-03-03,Saint-Prime
LE THÉÂTRE LA RUBRIQUE PRÉSENTE MASHINIKAN/LE LIVRE,2022-03-03,Jonquière
2FRÈRES,2022-03-03,Alma
MARIE CLAUDEL,2022-03-03,Jonquière
KID KOUNA,2022-03-04,Alma
2 FRÈRES,2022-03-04,La Baie
BELLE GRAND FILLE ET MARIE CLAUDEL,2022-03-04,Saint-Prime
THE PLANET SMASHERS,2022-03-04,Jonquière
LA BRONZE,2022-03-04,Jonquière
BRUNO PELLETIER,2022-03-05,Chicoutimi
2FRÈRES,2022-03-05,Dolbeau-Mistassini
BELLE GRAND FILLE ET MARIE CLAUDEL,2022-03-05,Alma
EMIE R ROUSSEL TRIO,2022-03-05,Jonquière
QUARTOM,2022-03-06,Chicoutimi
2FRÈRES,2022-03-06,Roberval
JEAN-FRANÇOIS MERCIER,2022-03-10,Jonquière
MARIANA MAZZA,2022-03-11,La Baie
ALEXANDRE POULIN,2022-03-11,Chicoutimi
CATHY GAUTHIER,2022-03-11,Alma
PELCH & GENEVIÈVE RACETTE - PLATEAU DOUBLE,2022-03-11,Jonquière
ALAIN CHOQUETTE,2022-03-12,Chicoutimi
CATHY GAUTHIER,2022-03-12,Dolbeau-Mistassini
ALEXANDRE POULIN,2022-03-12,Alma
ORCHESTRE DE L'AGORA,2022-03-13,Alma
"FROID, DISTANT",2022-03-15,Alma
RICHARDSON ZÉPHIR,2022-03-17,Jonquière
VÉRONIQUE LABBÉ ET HERT LEBLANC,2022-03-17,Alma
MARTIN PETIT,2022-03-18,Jonquière
GUYLAINE TREMBLAY (HOMMAGE À YVON DESCHAMPS),2022-03-18,Dolbeau-Mistassini
KORA FLAMENCA,2022-03-18,Alma
"GUYLAINE TREMBLAY -J’SAIS PAS COMMENT, J’SAIS PAS POURQUOI",2022-03-19,Chicoutimi
VÉRONIQUE LABBÉ ET HERT LEBLANC,2022-03-19,Jonquière
MARTIN PETIT,2022-03-19,Dolbeau-Mistassini
ZOÉ,2022-03-23,Alma
MÉLISSA BÉDARD,2022-03-23,Roberval
LE THÉÂTRE LA RUBRIQUE PRÉSENTE ZOÉ,2022-03-24,Jonquière
ZOÉ,2022-03-24,Jonquière
MÉLISSA BÉDARD,2022-03-24,Jonquière
ANDRÉ SAUVÉ,2022-03-24,Dolbeau-Mistassini
FREDZ & MARILYNE LÉONARD - PLATEAU DOUBLE,2022-03-24,Jonquière
NIKAMU MAMUITUN,2022-03-25,Jonquière
MÉLISSA BÉDARD,2022-03-25,Dolbeau-Mistassini
FUUDGE,2022-03-25,Saint-Prime
YVES DUTEIL,2022-03-26,Jonquière
BALLET JÖRGEN - ROMÉO ET JULIETTE,2022-03-26,Dolbeau-Mistassini
MÉLISSA BÉDARD,2022-03-26,Alma
ELLIOT MAGINOT,2022-03-26,Jonquière
LES 3 SOEURS,2022-03-30,Chicoutimi
LE THÉÂTRE À BOUT PORTANT PRÉSENTE LA MIGRATION DES PEUPLES,2022-03-31,Chicoutimi
GLOB,2022-03-31,Alma
ROMÉO ET JULIETTE DE BALLET JÖRGEN CANADA,2022-03-31,Jonquière
VINCENT VALLIÈRES,2022-03-31,Jonquière
DOMINIC ET MARTIN,2022-04-01,Jonquière
LES MORISSETTE II,2022-04-02,La Baie
VINCENT VALLIÈRES,2022-04-02,Saint-Prime
SIMON LEBLANC,2022-04-02,Alma
MIKE WARD,2022-04-02,Chicoutimi
ROUGE POMPIER,2022-04-02,Jonquière
LE THÉÂTRE LA RUBRIQUE PRÉSENTE BROTIPO,2022-04-03,Jonquière
HUIT FEMMES,2022-04-03,Chicoutimi
JE SUIS WILLIAM,2022-04-04,Alma
LE THÉÂTRE LA RUBRIQUE PRÉSENTE LES HARDINGS,2022-04-07,Jonquière
RITA BAGA,2022-04-07,Alma
LES DIX COMMANDEMENTS 2020,2022-04-08,Alma
RITA BAGA,2022-04-08,Jonquière
DIANE TELL,2022-04-08,Jonquière
"MARTIN LEVAC, PHIL COLLINS & GENESIS",2022-04-09,Chicoutimi
ALAIN MORISOD ET SWEET PEOPLE,2022-04-14,Alma
ARNAUD SOLY,2022-04-14,Chicoutimi
PHILIPPE LAPRISE - POURQUOI PAS,2022-04-15,Roberval
LOUIS-JEAN CORMIER,2022-04-15,Saint-Prime
P-A MÉTHOT,2022-04-15,Alma
ALAIN MORISOD ET SWEET PEOPLE,2022-04-15,La Baie
ÉMILE PROULX-CLOUTIER,2022-04-16,Alma
COEUR DE PIRATE,2022-04-16,La Baie
PHILIPPE LAPRISE - POURQUOI PAS,2022-04-17,Alma
"FROID, DISTANT",2022-04-21,Chicoutimi
MONONC'SERGE EN TRIO,2022-04-22,Jonquière
CRYPTO,2022-04-23,Alma
LADIES NIGHT,2022-04-23,Chicoutimi
THE TWO,2022-04-25,Jonquière
LES POLISSONS DE LA CHANSON,2022-04-27,Chicoutimi
ÉMILE BILODEAU,2022-04-28,Jonquière
STACEY KENT SYMPHONIQUE,2022-04-28,Chicoutimi
LES ROYAL PICKLES,2022-04-28,Jonquière
DAWN TYLER WATSON,2022-04-29,Jonquière
ÉMILE BILODEAU,2022-04-29,Saint-Prime
LE THÉÂTRE LA RUBRIQUE PRÉSENTE LE MAGICIEN D'OZ,2022-04-30,Jonquière
COLIN JAMES BLUES TRIO,2022-04-30,Chicoutimi
COLIN JAMES BLUES TRIO,2022-04-30,Chicoutimi
HUIT FEMMES,2022-05-06,Roberval
LE THÉÂTRE LA RUBRIQUE PRÉSENTE UNE LUNE ENTRE DEUX MAISONS,2022-05-07,Jonquière
DAN BIGRAS,2022-05-07,Jonquière
PHILIPPE LAPRISE - POURQUOI PAS,2022-05-13,Chicoutimi
NICOLAS GÉMUS,2022-05-13,Jonquière
LE THÉÂTRE LA RUBRIQUE PRÉSENTE LE PROBLÈME AVEC LE ROSE,2022-05-14,Jonquière
DROGUE,2022-05-14,Jonquière
LA TOURNÉE DU GAGNANT DE STAR ACADÉMIE,2022-05-19,Alma
LA TOURNÉE DU GAGNANT DE STAR ACADÉMIE,2022-05-21,Jonquière
LOUISE BESSETTE,2022-05-22,Alma
ROXANE BRUNEAU,2022-06-02,Alma
ROXANE BRUNEAU,2022-06-03,Chicoutimi
ROXANE BRUNEAU,2022-06-03,Chicoutimi
TIRE LE COYOTE,2022-06-04,Alma
CLAUDE DUBOIS,2022-06-04,Chicoutimi
ROXANE BRUNEAU,2022-06-05,Roberval
Écouter le champ des racines,2022-09-21,Longueil
Écouter le champ des racines,2022-09-22,Longueil
Écouter le champ des racines,2022-09-23,Longueil
Écouter le champ des racines,2022-09-24,Longueil
Écouter le champ des racines,2022-09-25,Longueil
Écouter le champ des racines,2022-09-26,Longueil
Écouter le champ des racines,2022-09-27,Longueil
Écouter le champ des racines,2022-09-28,Longueil
Écouter le champ des racines,2022-09-29,Longueil
Écouter le champ des racines,2022-09-30,Longueil
Écouter le champ des racines,2022-10-01,Longueil
Dimanches fous,2022-09-18,Longueil
Exposition : « L'histoire de Longueuil : de l'archéologie à la modernité »,2022-09-15,Longueil
Fruits et légumes au Marché ambulant,2022-09-17,Longueil
Fruits et légumes au Marché ambulant,2022-09-24,Longueil
Fruits et légumes au Marché ambulant,2022-09-18,Longueil
Fruits et légumes au Marché ambulant,2022-09-25,Longueil
Marché de quartier,2022-09-17,Longueil
Marché de quartier,2022-09-24,Longueil
Marché de quartier,2022-10-01,Longueil
Marché de quartier,2022-10-08,Longueil
Marché de quartier,2022-10-15,Longueil
Marché de quartier,2022-10-22,Longueil
Expositions à la bibliothèque Georges-Dor,2022-09-15,Longueil
Expositions à la bibliothèque Georges-Dor,2022-09-20,Longueil
Expositions à la bibliothèque Georges-Dor,2022-09-21,Longueil
Expositions à la bibliothèque Georges-Dor,2022-09-22,Longueil
Expositions à la bibliothèque Georges-Dor,2022-09-27,Longueil
Expositions à la bibliothèque Georges-Dor,2022-09-28,Longueil
Expositions à la bibliothèque Georges-Dor,2022-09-29,Longueil
Expositions à la bibliothèque Georges-Dor,2022-10-04,Longueil
Expositions à la bibliothèque Georges-Dor,2022-10-05,Longueil
Expositions à la bibliothèque Georges-Dor,2022-10-06,Longueil
Expositions à la bibliothèque Georges-Dor,2022-10-11,Longueil
Expositions à la bibliothèque Georges-Dor,2022-10-12,Longueil
Expositions à la bibliothèque Georges-Dor,2022-10-13,Longueil
Expositions à la bibliothèque Georges-Dor,2022-10-18,Longueil
Expositions à la bibliothèque Georges-Dor,2022-10-19,Longueil
Expositions à la bibliothèque Georges-Dor,2022-10-20,Longueil
Expositions à la bibliothèque Georges-Dor,2022-10-25,Longueil
Expositions à la bibliothèque Georges-Dor,2022-10-26,Longueil
Expositions à la bibliothèque Georges-Dor,2022-10-27,Longueil
Expositions à la bibliothèque Georges-Dor,2022-11-01,Longueil
Expositions à la bibliothèque Georges-Dor,2022-11-02,Longueil
Expositions à la bibliothèque Georges-Dor,2022-11-03,Longueil
Expositions à la bibliothèque Georges-Dor,2022-11-08,Longueil
Expositions à la bibliothèque Georges-Dor,2022-11-09,Longueil
Expositions à la bibliothèque Georges-Dor,2022-11-10,Longueil
Expositions à la bibliothèque Georges-Dor,2022-11-15,Longueil
Expositions à la bibliothèque Georges-Dor,2022-11-16,Longueil
Expositions à la bibliothèque Georges-Dor,2022-11-17,Longueil
Expositions à la bibliothèque Georges-Dor,2022-11-22,Longueil
Expositions à la bibliothèque Georges-Dor,2022-11-23,Longueil
Expositions à la bibliothèque Georges-Dor,2022-11-24,Longueil
Expositions à la bibliothèque Georges-Dor,2022-11-29,Longueil
Expositions à la bibliothèque Georges-Dor,2022-11-30,Longueil
Expositions à la bibliothèque Georges-Dor,2022-12-01,Longueil
Expositions à la bibliothèque Georges-Dor,2022-12-06,Longueil
Expositions à la bibliothèque Georges-Dor,2022-12-07,Longueil
Expositions à la bibliothèque Georges-Dor,2022-12-08,Longueil
Séance du conseil de la Ville de Longueuil,2022-09-20,Longueil
Séance du conseil de la Ville de Longueuil,2022-10-18,Longueil
Séance du conseil de la Ville de Longueuil,2022-11-15,Longueil
Séance du conseil de la Ville de Longueuil,2022-12-06,Longueil
Séance du conseil d'agglomération de Longueuil,2022-09-22,Longueil
Séance du conseil d'agglomération de Longueuil,2022-10-20,Longueil
Séance du conseil d'agglomération de Longueuil,2022-11-17,Longueil
Séance du conseil d'agglomération de Longueuil,2022-12-08,Longueil
Séance du conseil de l'Arrondissement du Vieux-Longueuil,2022-10-11,Longueil
Séance du conseil de l'Arrondissement du Vieux-Longueuil,2022-11-08,Longueil
Séance du conseil de l'Arrondissement du Vieux-Longueuil,2022-12-07,Longueil
Séance du conseil de l'Arrondissement de Saint-Hubert,2022-10-17,Longueil
Séance du conseil de l'Arrondissement de Saint-Hubert,2022-11-14,Longueil
Séance du conseil de l'Arrondissement de Saint-Hubert,2022-12-05,Longueil
Séance du conseil de l'Arrondissement de Greenfield Park,2022-09-19,Longueil
Séance du conseil de l'Arrondissement de Greenfield Park,2022-10-17,Longueil
Séance du conseil de l'Arrondissement de Greenfield Park,2022-11-07,Longueil
Séance du conseil de l'Arrondissement de Greenfield Park,2022-12-05,Longueil
Collecte des résidus domestiques dangereux,2022-09-17,Longueil
Collecte des résidus domestiques dangereux,2022-09-18,Longueil
Collecte des résidus domestiques dangereux,2022-10-01,Longueil
Collecte des résidus verts,2022-09-26,Longueil
Collecte des résidus verts,2022-10-03,Longueil
Collecte des résidus verts,2022-10-10,Longueil
Collecte des résidus verts,2022-10-17,Longueil
Collecte des résidus verts,2022-10-24,Longueil
Collecte des résidus verts,2022-10-31,Longueil
Collecte des résidus verts,2022-11-07,Longueil
Collecte des résidus verts,2022-11-14,Longueil
Collecte des résidus verts,2022-11-21,Longueil
Collecte de branches,2022-11-09,Longueil
Ventes-débarras,2022-09-24,Longueil
Ventes-débarras,2022-09-25,Longueil
Ventes-débarras,2022-10-01,Longueil
Ventes-débarras,2022-10-02,Longueil
Encan public,2022-10-22,Longueil
Écouter le champ des racines,2022-09-15,Longueil
Écouter le champ des racines,2022-09-16,Longueil
Écouter le champ des racines,2022-09-17,Longueil
Écouter le champ des racines,2022-09-18,Longueil
Écouter le champ des racines,2022-09-19,Longueil
Écouter le champ des racines,2022-09-20,Longueil
Expositions à la bibliothèque Georges-Dor,2022-12-18,Longueil
Expositions à la bibliothèque Georges-Dor,2022-12-24,Longueil
Expositions à la bibliothèque Georges-Dor,2022-12-25,Longueil
Expositions à la bibliothèque Georges-Dor,2022-12-31,Longueil
Expositions à la bibliothèque Georges-Dor,2022-01-01,Longueil
Expositions à la bibliothèque Georges-Dor,2022-01-07,Longueil
Expositions à la bibliothèque Georges-Dor,2022-01-08,Longueil
Expositions à la bibliothèque Georges-Dor,2022-01-14,Longueil
Expositions à la bibliothèque Georges-Dor,2022-01-15,Longueil
Expositions à la bibliothèque Claude-Henri-Grignon,2022-09-20,Longueil
Expositions à la bibliothèque Claude-Henri-Grignon,2022-09-27,Longueil
Expositions à la bibliothèque Claude-Henri-Grignon,2022-10-04,Longueil
Expositions à la bibliothèque Claude-Henri-Grignon,2022-10-11,Longueil
Expositions à la bibliothèque Claude-Henri-Grignon,2022-10-18,Longueil
Expositions à la bibliothèque Claude-Henri-Grignon,2022-10-25,Longueil
Expositions à la bibliothèque Claude-Henri-Grignon,2022-11-01,Longueil
Expositions à la bibliothèque Claude-Henri-Grignon,2022-11-08,Longueil
Expositions à la bibliothèque Claude-Henri-Grignon,2022-11-15,Longueil
Expositions à la bibliothèque Claude-Henri-Grignon,2022-11-22,Longueil
Expositions à la bibliothèque Claude-Henri-Grignon,2022-11-29,Longueil
Expositions à la bibliothèque Claude-Henri-Grignon,2022-12-06,Longueil
Expositions à la bibliothèque Claude-Henri-Grignon,2022-12-13,Longueil
Expositions à la bibliothèque Claude-Henri-Grignon,2022-12-20,Longueil
Expositions à la bibliothèque Claude-Henri-Grignon,2022-12-27,Longueil
Expositions à la bibliothèque Claude-Henri-Grignon,2022-01-03,Longueil
Expositions à la bibliothèque Claude-Henri-Grignon,2022-09-15,Longueil
Expositions à la bibliothèque Claude-Henri-Grignon,2022-09-21,Longueil
Expositions à la bibliothèque Claude-Henri-Grignon,2022-09-22,Longueil
Expositions à la bibliothèque Claude-Henri-Grignon,2022-09-28,Longueil
Expositions à la bibliothèque Claude-Henri-Grignon,2022-09-29,Longueil
Expositions à la bibliothèque Claude-Henri-Grignon,2022-10-05,Longueil
Expositions à la bibliothèque Claude-Henri-Grignon,2022-10-06,Longueil
Expositions à la bibliothèque Claude-Henri-Grignon,2022-10-12,Longueil
Expositions à la bibliothèque Claude-Henri-Grignon,2022-10-13,Longueil
Expositions à la bibliothèque Claude-Henri-Grignon,2022-10-19,Longueil
Expositions à la bibliothèque Claude-Henri-Grignon,2022-10-20,Longueil
Expositions à la bibliothèque Claude-Henri-Grignon,2022-10-26,Longueil
Expositions à la bibliothèque Claude-Henri-Grignon,2022-10-27,Longueil
Expositions à la bibliothèque Claude-Henri-Grignon,2022-11-02,Longueil
Expositions à la bibliothèque Claude-Henri-Grignon,2022-11-03,Longueil
Expositions à la bibliothèque Claude-Henri-Grignon,2022-11-09,Longueil
Expositions à la bibliothèque Claude-Henri-Grignon,2022-11-10,Longueil
Expositions à la bibliothèque Claude-Henri-Grignon,2022-11-16,Longueil
Expositions à la bibliothèque Claude-Henri-Grignon,2022-11-17,Longueil
Expositions à la bibliothèque Claude-Henri-Grignon,2022-11-23,Longueil
Expositions à la bibliothèque Claude-Henri-Grignon,2022-11-24,Longueil
Expositions à la bibliothèque Claude-Henri-Grignon,2022-11-30,Longueil
Expositions à la bibliothèque Claude-Henri-Grignon,2022-12-01,Longueil
Expositions à la bibliothèque Claude-Henri-Grignon,2022-12-07,Longueil
Expositions à la bibliothèque Claude-Henri-Grignon,2022-12-08,Longueil
Expositions à la bibliothèque Claude-Henri-Grignon,2022-12-14,Longueil
Expositions à la bibliothèque Claude-Henri-Grignon,2022-12-15,Longueil
Expositions à la bibliothèque Claude-Henri-Grignon,2022-12-21,Longueil
Expositions à la bibliothèque Claude-Henri-Grignon,2022-12-22,Longueil
Expositions à la bibliothèque Claude-Henri-Grignon,2022-12-28,Longueil
Expositions à la bibliothèque Claude-Henri-Grignon,2022-12-29,Longueil
Expositions à la bibliothèque Claude-Henri-Grignon,2022-01-04,Longueil
Expositions à la bibliothèque Claude-Henri-Grignon,2022-01-05,Longueil
Expositions à la bibliothèque Claude-Henri-Grignon,2022-09-16,Longueil
Expositions à la bibliothèque Claude-Henri-Grignon,2022-09-23,Longueil
Expositions à la bibliothèque Claude-Henri-Grignon,2022-10-07,Longueil
Expositions à la bibliothèque Claude-Henri-Grignon,2022-10-14,Longueil
Expositions à la bibliothèque Claude-Henri-Grignon,2022-10-21,Longueil
Expositions à la bibliothèque Claude-Henri-Grignon,2022-11-04,Longueil
Expositions à la bibliothèque Claude-Henri-Grignon,2022-11-11,Longueil
Expositions à la bibliothèque Claude-Henri-Grignon,2022-11-18,Longueil
Expositions à la bibliothèque Claude-Henri-Grignon,2022-12-02,Longueil
Expositions à la bibliothèque Claude-Henri-Grignon,2022-12-09,Longueil
Expositions à la bibliothèque Claude-Henri-Grignon,2022-12-16,Longueil
Expositions à la bibliothèque Claude-Henri-Grignon,2022-12-23,Longueil
Expositions à la bibliothèque Claude-Henri-Grignon,2022-12-30,Longueil
Expositions à la bibliothèque Claude-Henri-Grignon,2022-09-17,Longueil
Expositions à la bibliothèque Claude-Henri-Grignon,2022-09-18,Longueil
Expositions à la bibliothèque Claude-Henri-Grignon,2022-09-24,Longueil
Expositions à la bibliothèque Claude-Henri-Grignon,2022-09-25,Longueil
Expositions à la bibliothèque Claude-Henri-Grignon,2022-10-08,Longueil
Expositions à la bibliothèque Claude-Henri-Grignon,2022-10-09,Longueil
Expositions à la bibliothèque Claude-Henri-Grignon,2022-10-15,Longueil
Expositions à la bibliothèque Claude-Henri-Grignon,2022-10-16,Longueil
Expositions à la bibliothèque Claude-Henri-Grignon,2022-10-22,Longueil
Expositions à la bibliothèque Claude-Henri-Grignon,2022-10-23,Longueil
Expositions à la bibliothèque Claude-Henri-Grignon,2022-11-05,Longueil
Expositions à la bibliothèque Claude-Henri-Grignon,2022-11-06,Longueil
Expositions à la bibliothèque Claude-Henri-Grignon,2022-11-12,Longueil
Expositions à la bibliothèque Claude-Henri-Grignon,2022-11-13,Longueil
Expositions à la bibliothèque Claude-Henri-Grignon,2022-11-19,Longueil
Expositions à la bibliothèque Claude-Henri-Grignon,2022-11-20,Longueil
Expositions à la bibliothèque Claude-Henri-Grignon,2022-12-03,Longueil
Expositions à la bibliothèque Claude-Henri-Grignon,2022-12-04,Longueil
Expositions à la bibliothèque Claude-Henri-Grignon,2022-12-10,Longueil
Expositions à la bibliothèque Claude-Henri-Grignon,2022-12-11,Longueil
Expositions à la bibliothèque Claude-Henri-Grignon,2022-12-17,Longueil
Expositions à la bibliothèque Claude-Henri-Grignon,2022-12-18,Longueil
Expositions à la bibliothèque Claude-Henri-Grignon,2022-12-24,Longueil
Expositions à la bibliothèque Claude-Henri-Grignon,2022-12-25,Longueil
Expositions à la bibliothèque Georges-Dor,2022-12-13,Longueil
Expositions à la bibliothèque Georges-Dor,2022-12-14,Longueil
Expositions à la bibliothèque Georges-Dor,2022-12-15,Longueil
Expositions à la bibliothèque Georges-Dor,2022-12-20,Longueil
Expositions à la bibliothèque Georges-Dor,2022-12-21,Longueil
Expositions à la bibliothèque Georges-Dor,2022-12-22,Longueil
Expositions à la bibliothèque Georges-Dor,2022-12-27,Longueil
Expositions à la bibliothèque Georges-Dor,2022-12-28,Longueil
Expositions à la bibliothèque Georges-Dor,2022-12-29,Longueil
Expositions à la bibliothèque Georges-Dor,2022-01-03,Longueil
Expositions à la bibliothèque Georges-Dor,2022-01-04,Longueil
Expositions à la bibliothèque Georges-Dor,2022-01-05,Longueil
Expositions à la bibliothèque Georges-Dor,2022-01-10,Longueil
Expositions à la bibliothèque Georges-Dor,2022-01-11,Longueil
Expositions à la bibliothèque Georges-Dor,2022-01-12,Longueil
Expositions à la bibliothèque Georges-Dor,2022-09-16,Longueil
Expositions à la bibliothèque Georges-Dor,2022-09-23,Longueil
Expositions à la bibliothèque Georges-Dor,2022-09-30,Longueil
Expositions à la bibliothèque Georges-Dor,2022-10-07,Longueil
Expositions à la bibliothèque Georges-Dor,2022-10-14,Longueil
Expositions à la bibliothèque Georges-Dor,2022-10-21,Longueil
Expositions à la bibliothèque Georges-Dor,2022-10-28,Longueil
Expositions à la bibliothèque Georges-Dor,2022-11-04,Longueil
Expositions à la bibliothèque Georges-Dor,2022-11-11,Longueil
Expositions à la bibliothèque Georges-Dor,2022-11-18,Longueil
Expositions à la bibliothèque Georges-Dor,2022-11-25,Longueil
Expositions à la bibliothèque Georges-Dor,2022-12-02,Longueil
Expositions à la bibliothèque Georges-Dor,2022-12-09,Longueil
Expositions à la bibliothèque Georges-Dor,2022-12-16,Longueil
Expositions à la bibliothèque Georges-Dor,2022-12-23,Longueil
Expositions à la bibliothèque Georges-Dor,2022-12-30,Longueil
Expositions à la bibliothèque Georges-Dor,2022-01-06,Longueil
Expositions à la bibliothèque Georges-Dor,2022-01-13,Longueil
Expositions à la bibliothèque Georges-Dor,2022-09-17,Longueil
Expositions à la bibliothèque Georges-Dor,2022-09-18,Longueil
Expositions à la bibliothèque Georges-Dor,2022-09-24,Longueil
Expositions à la bibliothèque Georges-Dor,2022-09-25,Longueil
Expositions à la bibliothèque Georges-Dor,2022-10-01,Longueil
Expositions à la bibliothèque Georges-Dor,2022-10-02,Longueil
Expositions à la bibliothèque Georges-Dor,2022-10-08,Longueil
Expositions à la bibliothèque Georges-Dor,2022-10-09,Longueil
Expositions à la bibliothèque Georges-Dor,2022-10-15,Longueil
Expositions à la bibliothèque Georges-Dor,2022-10-16,Longueil
Expositions à la bibliothèque Georges-Dor,2022-10-22,Longueil
Expositions à la bibliothèque Georges-Dor,2022-10-23,Longueil
Expositions à la bibliothèque Georges-Dor,2022-10-29,Longueil
Expositions à la bibliothèque Georges-Dor,2022-10-30,Longueil
Expositions à la bibliothèque Georges-Dor,2022-11-05,Longueil
Expositions à la bibliothèque Georges-Dor,2022-11-06,Longueil
Expositions à la bibliothèque Georges-Dor,2022-11-12,Longueil
Expositions à la bibliothèque Georges-Dor,2022-11-13,Longueil
Expositions à la bibliothèque Georges-Dor,2022-11-19,Longueil
Expositions à la bibliothèque Georges-Dor,2022-11-20,Longueil
Expositions à la bibliothèque Georges-Dor,2022-11-26,Longueil
Expositions à la bibliothèque Georges-Dor,2022-11-27,Longueil
Expositions à la bibliothèque Georges-Dor,2022-12-03,Longueil
Expositions à la bibliothèque Georges-Dor,2022-12-04,Longueil
Expositions à la bibliothèque Georges-Dor,2022-12-10,Longueil
Expositions à la bibliothèque Georges-Dor,2022-12-11,Longueil
Expositions à la bibliothèque Georges-Dor,2022-12-17,Longueil
Expositions à la bibliothèque de Greenfield Park,2022-12-30,Longueil
Expositions à la bibliothèque de Greenfield Park,2022-01-02,Longueil
Expositions à la bibliothèque de Greenfield Park,2022-01-03,Longueil
Expositions à la bibliothèque de Greenfield Park,2022-01-05,Longueil
Expositions à la bibliothèque de Greenfield Park,2022-01-06,Longueil
Expositions à la bibliothèque de Greenfield Park,2022-09-17,Longueil
Expositions à la bibliothèque de Greenfield Park,2022-09-18,Longueil
Expositions à la bibliothèque de Greenfield Park,2022-09-24,Longueil
Expositions à la bibliothèque de Greenfield Park,2022-09-25,Longueil
Expositions à la bibliothèque de Greenfield Park,2022-10-01,Longueil
Expositions à la bibliothèque de Greenfield Park,2022-10-02,Longueil
Expositions à la bibliothèque de Greenfield Park,2022-10-08,Longueil
Expositions à la bibliothèque de Greenfield Park,2022-10-09,Longueil
Expositions à la bibliothèque de Greenfield Park,2022-10-15,Longueil
Expositions à la bibliothèque de Greenfield Park,2022-10-16,Longueil
Expositions à la bibliothèque de Greenfield Park,2022-10-22,Longueil
Expositions à la bibliothèque de Greenfield Park,2022-10-23,Longueil
Expositions à la bibliothèque de Greenfield Park,2022-10-29,Longueil
Expositions à la bibliothèque de Greenfield Park,2022-10-30,Longueil
Expositions à la bibliothèque de Greenfield Park,2022-11-05,Longueil
Expositions à la bibliothèque de Greenfield Park,2022-11-06,Longueil
Expositions à la bibliothèque de Greenfield Park,2022-11-12,Longueil
Expositions à la bibliothèque de Greenfield Park,2022-11-13,Longueil
Expositions à la bibliothèque de Greenfield Park,2022-11-19,Longueil
Expositions à la bibliothèque de Greenfield Park,2022-11-20,Longueil
Expositions à la bibliothèque de Greenfield Park,2022-11-26,Longueil
Expositions à la bibliothèque de Greenfield Park,2022-11-27,Longueil
Expositions à la bibliothèque de Greenfield Park,2022-12-03,Longueil
Expositions à la bibliothèque de Greenfield Park,2022-12-04,Longueil
Expositions à la bibliothèque de Greenfield Park,2022-12-10,Longueil
Expositions à la bibliothèque de Greenfield Park,2022-12-11,Longueil
Expositions à la bibliothèque de Greenfield Park,2022-12-17,Longueil
Expositions à la bibliothèque de Greenfield Park,2022-12-18,Longueil
Expositions à la bibliothèque de Greenfield Park,2022-12-24,Longueil
Expositions à la bibliothèque de Greenfield Park,2022-12-25,Longueil
Expositions à la bibliothèque de Greenfield Park,2022-12-31,Longueil
Expositions à la bibliothèque de Greenfield Park,2022-01-01,Longueil
Expositions à la bibliothèque de Greenfield Park,2022-01-07,Longueil
Expositions à la bibliothèque de Greenfield Park,2022-01-08,Longueil
Randonnées à vélo,2022-09-19,Longueil
Randonnées à vélo,2022-09-28,Longueil
Randonnées à vélo,2022-09-21,Longueil
Randonnées à vélo,2022-09-26,Longueil
Projet de médiation culturelle « Comme un coup de Tonnerre »,2022-09-15,Longueil
Projet de médiation culturelle « Comme un coup de Tonnerre »,2022-09-20,Longueil
Projet de médiation culturelle « Comme un coup de Tonnerre »,2022-09-21,Longueil
Projet de médiation culturelle « Comme un coup de Tonnerre »,2022-09-22,Longueil
Projet de médiation culturelle « Comme un coup de Tonnerre »,2022-09-27,Longueil
Projet de médiation culturelle « Comme un coup de Tonnerre »,2022-09-28,Longueil
Projet de médiation culturelle « Comme un coup de Tonnerre »,2022-09-29,Longueil
Projet de médiation culturelle « Comme un coup de Tonnerre »,2022-09-16,Longueil
Projet de médiation culturelle « Comme un coup de Tonnerre »,2022-09-23,Longueil
Projet de médiation culturelle « Comme un coup de Tonnerre »,2022-09-30,Longueil
Projet de médiation culturelle « Comme un coup de Tonnerre »,2022-09-17,Longueil
Projet de médiation culturelle « Comme un coup de Tonnerre »,2022-09-18,Longueil
Projet de médiation culturelle « Comme un coup de Tonnerre »,2022-09-24,Longueil
Projet de médiation culturelle « Comme un coup de Tonnerre »,2022-09-25,Longueil
Projet de médiation culturelle « Comme un coup de Tonnerre »,2022-10-01,Longueil
Projet de médiation culturelle « Comme un coup de Tonnerre »,2022-10-02,Longueil
Projet de médiation culturelle « Comme un coup de Tonnerre »,2022-10-17,Longueil
Projet de médiation culturelle « Comme un coup de Tonnerre »,2022-10-18,Longueil
Projet de médiation culturelle « Comme un coup de Tonnerre »,2022-10-20,Longueil
Projet de médiation culturelle « Comme un coup de Tonnerre »,2022-10-21,Longueil
Projet de médiation culturelle « Comme un coup de Tonnerre »,2022-10-24,Longueil
Projet de médiation culturelle « Comme un coup de Tonnerre »,2022-10-25,Longueil
Projet de médiation culturelle « Comme un coup de Tonnerre »,2022-10-27,Longueil
Projet de médiation culturelle « Comme un coup de Tonnerre »,2022-10-28,Longueil
Projet de médiation culturelle « Comme un coup de Tonnerre »,2022-10-22,Longueil
Projet de médiation culturelle « Comme un coup de Tonnerre »,2022-10-23,Longueil
Projet de médiation culturelle « Comme un coup de Tonnerre »,2022-02-14,Longueil
Projet de médiation culturelle « Comme un coup de Tonnerre »,2022-02-15,Longueil
Projet de médiation culturelle « Comme un coup de Tonnerre »,2022-02-16,Longueil
Projet de médiation culturelle « Comme un coup de Tonnerre »,2022-02-21,Longueil
Projet de médiation culturelle « Comme un coup de Tonnerre »,2022-02-22,Longueil
Projet de médiation culturelle « Comme un coup de Tonnerre »,2022-02-23,Longueil
Projet de médiation culturelle « Comme un coup de Tonnerre »,2022-02-28,Longueil
Expositions à la bibliothèque Claude-Henri-Grignon,2022-12-31,Longueil
Expositions à la bibliothèque Claude-Henri-Grignon,2022-01-01,Longueil
Expositions à la bibliothèque de Greenfield Park,2022-09-15,Longueil
Expositions à la bibliothèque de Greenfield Park,2022-09-16,Longueil
Expositions à la bibliothèque de Greenfield Park,2022-09-19,Longueil
Expositions à la bibliothèque de Greenfield Park,2022-09-20,Longueil
Expositions à la bibliothèque de Greenfield Park,2022-09-22,Longueil
Expositions à la bibliothèque de Greenfield Park,2022-09-23,Longueil
Expositions à la bibliothèque de Greenfield Park,2022-09-29,Longueil
Expositions à la bibliothèque de Greenfield Park,2022-09-30,Longueil
Expositions à la bibliothèque de Greenfield Park,2022-10-03,Longueil
Expositions à la bibliothèque de Greenfield Park,2022-10-04,Longueil
Expositions à la bibliothèque de Greenfield Park,2022-10-06,Longueil
Expositions à la bibliothèque de Greenfield Park,2022-10-07,Longueil
Expositions à la bibliothèque de Greenfield Park,2022-10-10,Longueil
Expositions à la bibliothèque de Greenfield Park,2022-10-11,Longueil
Expositions à la bibliothèque de Greenfield Park,2022-10-13,Longueil
Expositions à la bibliothèque de Greenfield Park,2022-10-14,Longueil
Expositions à la bibliothèque de Greenfield Park,2022-10-17,Longueil
Expositions à la bibliothèque de Greenfield Park,2022-10-18,Longueil
Expositions à la bibliothèque de Greenfield Park,2022-10-20,Longueil
Expositions à la bibliothèque de Greenfield Park,2022-10-21,Longueil
Expositions à la bibliothèque de Greenfield Park,2022-10-24,Longueil
Expositions à la bibliothèque de Greenfield Park,2022-10-25,Longueil
Expositions à la bibliothèque de Greenfield Park,2022-10-27,Longueil
Expositions à la bibliothèque de Greenfield Park,2022-10-28,Longueil
Expositions à la bibliothèque de Greenfield Park,2022-11-03,Longueil
Expositions à la bibliothèque de Greenfield Park,2022-11-04,Longueil
Expositions à la bibliothèque de Greenfield Park,2022-11-07,Longueil
Expositions à la bibliothèque de Greenfield Park,2022-11-08,Longueil
Expositions à la bibliothèque de Greenfield Park,2022-11-10,Longueil
Expositions à la bibliothèque de Greenfield Park,2022-11-11,Longueil
Expositions à la bibliothèque de Greenfield Park,2022-11-14,Longueil
Expositions à la bibliothèque de Greenfield Park,2022-11-15,Longueil
Expositions à la bibliothèque de Greenfield Park,2022-11-17,Longueil
Expositions à la bibliothèque de Greenfield Park,2022-11-18,Longueil
Expositions à la bibliothèque de Greenfield Park,2022-11-21,Longueil
Expositions à la bibliothèque de Greenfield Park,2022-11-22,Longueil
Expositions à la bibliothèque de Greenfield Park,2022-11-24,Longueil
Expositions à la bibliothèque de Greenfield Park,2022-11-25,Longueil
Expositions à la bibliothèque de Greenfield Park,2022-11-28,Longueil
Expositions à la bibliothèque de Greenfield Park,2022-11-29,Longueil
Expositions à la bibliothèque de Greenfield Park,2022-12-01,Longueil
Expositions à la bibliothèque de Greenfield Park,2022-12-02,Longueil
Expositions à la bibliothèque de Greenfield Park,2022-12-08,Longueil
Expositions à la bibliothèque de Greenfield Park,2022-12-09,Longueil
Expositions à la bibliothèque de Greenfield Park,2022-12-12,Longueil
Expositions à la bibliothèque de Greenfield Park,2022-12-13,Longueil
Expositions à la bibliothèque de Greenfield Park,2022-12-15,Longueil
Expositions à la bibliothèque de Greenfield Park,2022-12-16,Longueil
Expositions à la bibliothèque de Greenfield Park,2022-12-19,Longueil
Expositions à la bibliothèque de Greenfield Park,2022-12-20,Longueil
Expositions à la bibliothèque de Greenfield Park,2022-12-22,Longueil
Expositions à la bibliothèque de Greenfield Park,2022-12-23,Longueil
Expositions à la bibliothèque de Greenfield Park,2022-12-26,Longueil
Expositions à la bibliothèque de Greenfield Park,2022-12-27,Longueil
Expositions à la bibliothèque de Greenfield Park,2022-12-29,Longueil
Expositions à la bibliothèque Raymond-Lévesque,2022-12-07,Longueil
Expositions à la bibliothèque Raymond-Lévesque,2022-12-08,Longueil
Expositions à la bibliothèque Raymond-Lévesque,2022-12-20,Longueil
Expositions à la bibliothèque Raymond-Lévesque,2022-12-21,Longueil
Expositions à la bibliothèque Raymond-Lévesque,2022-12-22,Longueil
Expositions à la bibliothèque Raymond-Lévesque,2022-12-27,Longueil
Expositions à la bibliothèque Raymond-Lévesque,2022-12-28,Longueil
Expositions à la bibliothèque Raymond-Lévesque,2022-12-29,Longueil
Expositions à la bibliothèque Raymond-Lévesque,2022-01-03,Longueil
Expositions à la bibliothèque Raymond-Lévesque,2022-01-04,Longueil
Expositions à la bibliothèque Raymond-Lévesque,2022-01-05,Longueil
Expositions à la bibliothèque Raymond-Lévesque,2022-01-10,Longueil
Expositions à la bibliothèque Raymond-Lévesque,2022-01-11,Longueil
Expositions à la bibliothèque Raymond-Lévesque,2022-01-12,Longueil
Expositions à la bibliothèque Raymond-Lévesque,2022-01-17,Longueil
Expositions à la bibliothèque Raymond-Lévesque,2022-01-18,Longueil
Expositions à la bibliothèque Raymond-Lévesque,2022-01-19,Longueil
Expositions à la bibliothèque Raymond-Lévesque,2022-09-16,Longueil
Expositions à la bibliothèque Raymond-Lévesque,2022-09-23,Longueil
Expositions à la bibliothèque Raymond-Lévesque,2022-09-30,Longueil
Expositions à la bibliothèque Raymond-Lévesque,2022-10-07,Longueil
Expositions à la bibliothèque Raymond-Lévesque,2022-10-14,Longueil
Expositions à la bibliothèque Raymond-Lévesque,2022-10-21,Longueil
Expositions à la bibliothèque Raymond-Lévesque,2022-10-28,Longueil
Expositions à la bibliothèque Raymond-Lévesque,2022-11-04,Longueil
Expositions à la bibliothèque Raymond-Lévesque,2022-11-11,Longueil
Expositions à la bibliothèque Raymond-Lévesque,2022-11-18,Longueil
Expositions à la bibliothèque Raymond-Lévesque,2022-11-25,Longueil
Expositions à la bibliothèque Raymond-Lévesque,2022-12-02,Longueil
Expositions à la bibliothèque Raymond-Lévesque,2022-12-09,Longueil
Expositions à la bibliothèque Raymond-Lévesque,2022-12-16,Longueil
Expositions à la bibliothèque Raymond-Lévesque,2022-12-23,Longueil
Expositions à la bibliothèque Raymond-Lévesque,2022-12-30,Longueil
Expositions à la bibliothèque Raymond-Lévesque,2022-01-06,Longueil
Expositions à la bibliothèque Raymond-Lévesque,2022-01-13,Longueil
Expositions à la bibliothèque Raymond-Lévesque,2022-01-20,Longueil
Expositions à la bibliothèque Raymond-Lévesque,2022-09-17,Longueil
Expositions à la bibliothèque Raymond-Lévesque,2022-09-24,Longueil
Expositions à la bibliothèque Raymond-Lévesque,2022-10-01,Longueil
Expositions à la bibliothèque Raymond-Lévesque,2022-10-15,Longueil
Expositions à la bibliothèque Raymond-Lévesque,2022-10-22,Longueil
Expositions à la bibliothèque Raymond-Lévesque,2022-10-29,Longueil
Expositions à la bibliothèque Raymond-Lévesque,2022-11-05,Longueil
Expositions à la bibliothèque Raymond-Lévesque,2022-11-12,Longueil
Expositions à la bibliothèque Raymond-Lévesque,2022-11-19,Longueil
Expositions à la bibliothèque Raymond-Lévesque,2022-11-26,Longueil
Expositions à la bibliothèque Raymond-Lévesque,2022-12-03,Longueil
Expositions à la bibliothèque Raymond-Lévesque,2022-12-10,Longueil
Expositions à la bibliothèque Raymond-Lévesque,2022-12-17,Longueil
Expositions à la bibliothèque Raymond-Lévesque,2022-12-24,Longueil
Expositions à la bibliothèque Raymond-Lévesque,2022-12-31,Longueil
Expositions à la bibliothèque Raymond-Lévesque,2022-01-07,Longueil
Expositions à la bibliothèque Raymond-Lévesque,2022-01-14,Longueil
Expositions à la bibliothèque Raymond-Lévesque,2022-09-18,Longueil
Expositions à la bibliothèque Raymond-Lévesque,2022-09-25,Longueil
Expositions à la bibliothèque Raymond-Lévesque,2022-10-02,Longueil
Expositions à la bibliothèque Raymond-Lévesque,2022-10-16,Longueil
Expositions à la bibliothèque Raymond-Lévesque,2022-10-23,Longueil
Expositions à la bibliothèque Raymond-Lévesque,2022-10-30,Longueil
Expositions à la bibliothèque Raymond-Lévesque,2022-11-06,Longueil
Expositions à la bibliothèque Raymond-Lévesque,2022-11-13,Longueil
Expositions à la bibliothèque Raymond-Lévesque,2022-11-20,Longueil
Expositions à la bibliothèque Raymond-Lévesque,2022-11-27,Longueil
Expositions à la bibliothèque Raymond-Lévesque,2022-12-04,Longueil
Expositions à la bibliothèque Raymond-Lévesque,2022-12-11,Longueil
Expositions à la bibliothèque Raymond-Lévesque,2022-12-18,Longueil
Expositions à la bibliothèque Raymond-Lévesque,2022-12-25,Longueil
Expositions à la bibliothèque Raymond-Lévesque,2022-01-01,Longueil
Expositions à la bibliothèque Raymond-Lévesque,2022-01-08,Longueil
Expositions à la bibliothèque Raymond-Lévesque,2022-01-15,Longueil
Club Mega Bloks®,2022-09-20,Longueil
Club Mega Bloks®,2022-10-18,Longueil
Club Mega Bloks®,2022-10-07,Longueil
Club Mega Bloks®,2022-11-04,Longueil
Club Mega Bloks®,2022-12-06,Longueil
Club Mega Bloks®,2022-11-01,Longueil
Club Mega Bloks®,2022-12-13,Longueil
Club Mega Bloks®,2022-10-12,Longueil
Club Mega Bloks®,2022-11-18,Longueil
Samedis Arts-Jeux,2022-09-17,Longueil
Samedis Arts-Jeux,2022-09-24,Longueil
Samedis Arts-Jeux,2022-10-01,Longueil
Samedis Arts-Jeux,2022-10-08,Longueil
Samedis Arts-Jeux,2022-10-15,Longueil
Samedis Arts-Jeux,2022-10-22,Longueil
Samedis Arts-Jeux,2022-10-29,Longueil
Samedis Arts-Jeux,2022-11-05,Longueil
Samedis Arts-Jeux,2022-11-12,Longueil
Samedis Arts-Jeux,2022-11-19,Longueil
Samedis Arts-Jeux,2022-11-26,Longueil
Samedis Arts-Jeux,2022-12-03,Longueil
Samedis Arts-Jeux,2022-12-10,Longueil
Samedis Arts-Jeux,2022-12-17,Longueil
Samedis Arts-Jeux,2022-09-17,Longueil
Samedis Arts-Jeux,2022-09-24,Longueil
Samedis Arts-Jeux,2022-10-01,Longueil
Samedis Arts-Jeux,2022-10-08,Longueil
Samedis Arts-Jeux,2022-10-15,Longueil
Samedis Arts-Jeux,2022-10-22,Longueil
Projet de médiation culturelle « Comme un coup de Tonnerre »,2022-03-01,Longueil
Projet de médiation culturelle « Comme un coup de Tonnerre »,2022-03-02,Longueil
Projet de médiation culturelle « Comme un coup de Tonnerre »,2022-02-17,Longueil
Projet de médiation culturelle « Comme un coup de Tonnerre »,2022-02-24,Longueil
Projet de médiation culturelle « Comme un coup de Tonnerre »,2022-03-03,Longueil
Projet de médiation culturelle « Comme un coup de Tonnerre »,2022-02-18,Longueil
Projet de médiation culturelle « Comme un coup de Tonnerre »,2022-02-19,Longueil
Projet de médiation culturelle « Comme un coup de Tonnerre »,2022-02-25,Longueil
Projet de médiation culturelle « Comme un coup de Tonnerre »,2022-02-26,Longueil
Projet de médiation culturelle « Comme un coup de Tonnerre »,2022-03-04,Longueil
Projet de médiation culturelle « Comme un coup de Tonnerre »,2022-03-05,Longueil
Expositions à la bibliothèque Raymond-Lévesque,2022-09-19,Longueil
Expositions à la bibliothèque Raymond-Lévesque,2022-09-26,Longueil
Expositions à la bibliothèque Raymond-Lévesque,2022-10-03,Longueil
Expositions à la bibliothèque Raymond-Lévesque,2022-10-17,Longueil
Expositions à la bibliothèque Raymond-Lévesque,2022-10-24,Longueil
Expositions à la bibliothèque Raymond-Lévesque,2022-10-31,Longueil
Expositions à la bibliothèque Raymond-Lévesque,2022-11-07,Longueil
Expositions à la bibliothèque Raymond-Lévesque,2022-11-14,Longueil
Expositions à la bibliothèque Raymond-Lévesque,2022-11-21,Longueil
Expositions à la bibliothèque Raymond-Lévesque,2022-11-28,Longueil
Expositions à la bibliothèque Raymond-Lévesque,2022-12-05,Longueil
Expositions à la bibliothèque Raymond-Lévesque,2022-12-12,Longueil
Expositions à la bibliothèque Raymond-Lévesque,2022-12-19,Longueil
Expositions à la bibliothèque Raymond-Lévesque,2022-12-26,Longueil
Expositions à la bibliothèque Raymond-Lévesque,2022-01-02,Longueil
Expositions à la bibliothèque Raymond-Lévesque,2022-01-09,Longueil
Expositions à la bibliothèque Raymond-Lévesque,2022-01-16,Longueil
Expositions à la bibliothèque Raymond-Lévesque,2022-09-15,Longueil
Expositions à la bibliothèque Raymond-Lévesque,2022-09-20,Longueil
Expositions à la bibliothèque Raymond-Lévesque,2022-09-21,Longueil
Expositions à la bibliothèque Raymond-Lévesque,2022-09-22,Longueil
Expositions à la bibliothèque Raymond-Lévesque,2022-09-27,Longueil
Expositions à la bibliothèque Raymond-Lévesque,2022-09-28,Longueil
Expositions à la bibliothèque Raymond-Lévesque,2022-09-29,Longueil
Expositions à la bibliothèque Raymond-Lévesque,2022-10-04,Longueil
Expositions à la bibliothèque Raymond-Lévesque,2022-10-05,Longueil
Expositions à la bibliothèque Raymond-Lévesque,2022-10-06,Longueil
Expositions à la bibliothèque Raymond-Lévesque,2022-10-18,Longueil
Expositions à la bibliothèque Raymond-Lévesque,2022-10-19,Longueil
Expositions à la bibliothèque Raymond-Lévesque,2022-10-20,Longueil
Expositions à la bibliothèque Raymond-Lévesque,2022-10-25,Longueil
Expositions à la bibliothèque Raymond-Lévesque,2022-10-26,Longueil
Expositions à la bibliothèque Raymond-Lévesque,2022-10-27,Longueil
Expositions à la bibliothèque Raymond-Lévesque,2022-11-01,Longueil
Expositions à la bibliothèque Raymond-Lévesque,2022-11-02,Longueil
Expositions à la bibliothèque Raymond-Lévesque,2022-11-03,Longueil
Expositions à la bibliothèque Raymond-Lévesque,2022-11-15,Longueil
Expositions à la bibliothèque Raymond-Lévesque,2022-11-16,Longueil
Expositions à la bibliothèque Raymond-Lévesque,2022-11-17,Longueil
Expositions à la bibliothèque Raymond-Lévesque,2022-11-22,Longueil
Expositions à la bibliothèque Raymond-Lévesque,2022-11-23,Longueil
Expositions à la bibliothèque Raymond-Lévesque,2022-11-24,Longueil
Expositions à la bibliothèque Raymond-Lévesque,2022-11-29,Longueil
Expositions à la bibliothèque Raymond-Lévesque,2022-11-30,Longueil
Expositions à la bibliothèque Raymond-Lévesque,2022-12-01,Longueil
Expositions à la bibliothèque Raymond-Lévesque,2022-12-06,Longueil
Les rendez-vous biblio,2022-10-06,Longueil
Les rendez-vous biblio,2022-10-27,Longueil
Les rendez-vous biblio,2022-11-24,Longueil
Les rendez-vous biblio,2022-09-19,Longueil
Les rendez-vous biblio,2022-11-14,Longueil
Les rendez-vous biblio,2022-11-03,Longueil
Formations informatiques,2022-09-19,Longueil
Formations informatiques,2022-09-19,Longueil
Formations informatiques,2022-09-26,Longueil
Formations informatiques,2022-09-26,Longueil
Formations informatiques,2022-10-03,Longueil
Formations informatiques,2022-10-03,Longueil
Formations informatiques,2022-10-17,Longueil
Formations informatiques,2022-10-17,Longueil
Formations informatiques,2022-10-24,Longueil
Formations informatiques,2022-10-24,Longueil
Formations informatiques,2022-10-31,Longueil
Formations informatiques,2022-10-31,Longueil
Formations informatiques,2022-11-07,Longueil
Formations informatiques,2022-11-07,Longueil
Formations informatiques,2022-11-14,Longueil
Formations informatiques,2022-11-14,Longueil
Formations informatiques,2022-11-21,Longueil
Formations informatiques,2022-11-21,Longueil
Formations informatiques,2022-11-28,Longueil
Formations informatiques,2022-11-28,Longueil
Formations informatiques,2022-12-05,Longueil
Formations informatiques,2022-12-05,Longueil
"Conte animé « 1, 2, 3, Saute-moutons! ? Petits Dinos »",2022-09-16,Longueil
Exposition « Les révolutions sidérales »,2022-10-01,Longueil
Exposition « Les révolutions sidérales »,2022-10-08,Longueil
Exposition « Les révolutions sidérales »,2022-10-15,Longueil
Exposition « Les révolutions sidérales »,2022-10-22,Longueil
Exposition « Les révolutions sidérales »,2022-10-29,Longueil
Exposition « Les révolutions sidérales »,2022-11-05,Longueil
Exposition « Les révolutions sidérales »,2022-10-04,Longueil
Exposition « Les révolutions sidérales »,2022-10-05,Longueil
Exposition « Les révolutions sidérales »,2022-10-06,Longueil
Exposition « Les révolutions sidérales »,2022-10-07,Longueil
Exposition « Les révolutions sidérales »,2022-10-11,Longueil
Exposition « Les révolutions sidérales »,2022-10-12,Longueil
Exposition « Les révolutions sidérales »,2022-10-13,Longueil
Exposition « Les révolutions sidérales »,2022-10-14,Longueil
Exposition « Les révolutions sidérales »,2022-10-18,Longueil
Exposition « Les révolutions sidérales »,2022-10-19,Longueil
Exposition « Les révolutions sidérales »,2022-10-20,Longueil
Exposition « Les révolutions sidérales »,2022-10-21,Longueil
Exposition « Les révolutions sidérales »,2022-10-25,Longueil
Exposition « Les révolutions sidérales »,2022-10-26,Longueil
Exposition « Les révolutions sidérales »,2022-10-27,Longueil
Exposition « Les révolutions sidérales »,2022-10-28,Longueil
Exposition « Les révolutions sidérales »,2022-11-01,Longueil
Exposition « Les révolutions sidérales »,2022-11-02,Longueil
Exposition « Les révolutions sidérales »,2022-11-03,Longueil
Exposition « Les révolutions sidérales »,2022-11-04,Longueil
Exposition « Les révolutions sidérales »,2022-10-05,Longueil
Exposition « Les révolutions sidérales »,2022-10-12,Longueil
Exposition « Les révolutions sidérales »,2022-10-19,Longueil
Exposition « Les révolutions sidérales »,2022-10-26,Longueil
Exposition « Les révolutions sidérales »,2022-11-02,Longueil
Activités spéciales à la Maison de jeunes Kekpart,2022-09-16,Longueil
Activités spéciales à la Maison de jeunes Kekpart,2022-10-21,Longueil
Activités spéciales à la Maison de jeunes Kekpart,2022-11-17,Longueil
Tournois de jeux vidéo,2022-09-16,Longueil
Tournois de jeux vidéo,2022-11-18,Longueil
Tournois de jeux vidéo,2022-09-25,Longueil
Tournois de jeux vidéo,2022-12-04,Longueil
Tournois de jeux vidéo,2022-10-19,Longueil
Tournois de jeux vidéo,2022-12-11,Longueil
Tournois de jeux vidéo,2022-10-22,Longueil
Tournois de jeux vidéo,2022-11-12,Longueil
Tournois de jeux vidéo,2022-11-22,Longueil
Le chat ne sachant pas chasser,2022-09-17,Longueil
Randonnée ornithologique,2022-09-17,Longueil
Randonnée ornithologique,2022-09-17,Longueil
Sortie : iSaute,2022-09-17,Longueil
Les samedis de l'heure du conte,2022-09-17,Longueil
Les samedis de l'heure du conte,2022-10-15,Longueil
Les samedis de l'heure du conte,2022-11-19,Longueil
Les Cuistots du Marché,2022-09-17,Longueil
Les Cuistots du Marché,2022-11-19,Longueil
Atelier « Entraînement Trekfit en groupe »,2022-09-17,Longueil
Atelier « Entraînement Trekfit en groupe »,2022-10-15,Longueil
Atelier « Entraînement Trekfit en groupe »,2022-11-19,Longueil
Atelier « Entraînement Trekfit en groupe »,2022-09-17,Longueil
Samedis Arts-Jeux,2022-10-29,Longueil
Samedis Arts-Jeux,2022-11-05,Longueil
Samedis Arts-Jeux,2022-11-12,Longueil
Samedis Arts-Jeux,2022-11-19,Longueil
Samedis Arts-Jeux,2022-11-26,Longueil
Samedis Arts-Jeux,2022-12-03,Longueil
Samedis Arts-Jeux,2022-12-10,Longueil
Samedis Arts-Jeux,2022-12-17,Longueil
Exposition Desjardins « Scènes insolites/Planches anatomiques du Dr »,2022-09-15,Longueil
Exposition Desjardins « Scènes insolites/Planches anatomiques du Dr »,2022-09-16,Longueil
Exposition Desjardins « Scènes insolites/Planches anatomiques du Dr »,2022-09-19,Longueil
Exposition Desjardins « Scènes insolites/Planches anatomiques du Dr »,2022-09-20,Longueil
Exposition Desjardins « Scènes insolites/Planches anatomiques du Dr »,2022-09-21,Longueil
Exposition Desjardins « Scènes insolites/Planches anatomiques du Dr »,2022-09-22,Longueil
Exposition Desjardins « Scènes insolites/Planches anatomiques du Dr »,2022-09-23,Longueil
Exposition Desjardins « Scènes insolites/Planches anatomiques du Dr »,2022-09-26,Longueil
Exposition Desjardins « Scènes insolites/Planches anatomiques du Dr »,2022-09-27,Longueil
Exposition Desjardins « Scènes insolites/Planches anatomiques du Dr »,2022-09-28,Longueil
Exposition Desjardins « Scènes insolites/Planches anatomiques du Dr »,2022-09-29,Longueil
Exposition Desjardins « Scènes insolites/Planches anatomiques du Dr »,2022-09-30,Longueil
Exposition Desjardins « Scènes insolites/Planches anatomiques du Dr »,2022-10-03,Longueil
Exposition Desjardins « Scènes insolites/Planches anatomiques du Dr »,2022-10-04,Longueil
Exposition Desjardins « Scènes insolites/Planches anatomiques du Dr »,2022-10-05,Longueil
Exposition Desjardins « Scènes insolites/Planches anatomiques du Dr »,2022-10-06,Longueil
Exposition Desjardins « Scènes insolites/Planches anatomiques du Dr »,2022-10-07,Longueil
Exposition Desjardins « Scènes insolites/Planches anatomiques du Dr »,2022-10-10,Longueil
Exposition Desjardins « Scènes insolites/Planches anatomiques du Dr »,2022-10-11,Longueil
Exposition Desjardins « Scènes insolites/Planches anatomiques du Dr »,2022-10-12,Longueil
Exposition Desjardins « Scènes insolites/Planches anatomiques du Dr »,2022-10-13,Longueil
Exposition Desjardins « Scènes insolites/Planches anatomiques du Dr »,2022-10-14,Longueil
Exposition Desjardins « Scènes insolites/Planches anatomiques du Dr »,2022-09-15,Longueil
Exposition Desjardins « Scènes insolites/Planches anatomiques du Dr »,2022-09-16,Longueil
Exposition Desjardins « Scènes insolites/Planches anatomiques du Dr »,2022-09-19,Longueil
Exposition Desjardins « Scènes insolites/Planches anatomiques du Dr »,2022-09-20,Longueil
Exposition Desjardins « Scènes insolites/Planches anatomiques du Dr »,2022-09-21,Longueil
Exposition Desjardins « Scènes insolites/Planches anatomiques du Dr »,2022-09-22,Longueil
Exposition Desjardins « Scènes insolites/Planches anatomiques du Dr »,2022-09-23,Longueil
Exposition Desjardins « Scènes insolites/Planches anatomiques du Dr »,2022-09-26,Longueil
Exposition Desjardins « Scènes insolites/Planches anatomiques du Dr »,2022-09-27,Longueil
Exposition Desjardins « Scènes insolites/Planches anatomiques du Dr »,2022-09-28,Longueil
Exposition Desjardins « Scènes insolites/Planches anatomiques du Dr »,2022-09-29,Longueil
Exposition Desjardins « Scènes insolites/Planches anatomiques du Dr »,2022-09-30,Longueil
Exposition Desjardins « Scènes insolites/Planches anatomiques du Dr »,2022-10-03,Longueil
Exposition Desjardins « Scènes insolites/Planches anatomiques du Dr »,2022-10-04,Longueil
Exposition Desjardins « Scènes insolites/Planches anatomiques du Dr »,2022-10-05,Longueil
Exposition Desjardins « Scènes insolites/Planches anatomiques du Dr »,2022-10-06,Longueil
Exposition Desjardins « Scènes insolites/Planches anatomiques du Dr »,2022-10-07,Longueil
Exposition Desjardins « Scènes insolites/Planches anatomiques du Dr »,2022-10-10,Longueil
Exposition Desjardins « Scènes insolites/Planches anatomiques du Dr »,2022-10-11,Longueil
Exposition Desjardins « Scènes insolites/Planches anatomiques du Dr »,2022-10-12,Longueil
Exposition Desjardins « Scènes insolites/Planches anatomiques du Dr »,2022-10-13,Longueil
Exposition Desjardins « Scènes insolites/Planches anatomiques du Dr »,2022-10-14,Longueil
Les découvertes de Melvil,2022-11-23,Longueil
Les découvertes de Melvil,2022-10-21,Longueil
Les découvertes de Melvil,2022-11-18,Longueil
Les découvertes de Melvil,2022-10-08,Longueil
Conférence « Le sucre dans nos aliments »,2022-09-15,Longueil
Les rendez-vous biblio,2022-09-15,Longueil
Les rendez-vous biblio,2022-09-29,Longueil
Atelier « Entraînement Trekfit en groupe »,2022-10-15,Longueil
Atelier « Entraînement Trekfit en groupe »,2022-11-19,Longueil
Atelier « Entraînement Trekfit en groupe »,2022-09-17,Longueil
Atelier « Entraînement Trekfit en groupe »,2022-10-15,Longueil
Atelier « Entraînement Trekfit en groupe »,2022-11-19,Longueil
Atelier « Entraînement Trekfit en groupe »,2022-09-18,Longueil
Atelier « Entraînement Trekfit en groupe »,2022-10-16,Longueil
Atelier « Entraînement Trekfit en groupe »,2022-11-20,Longueil
Atelier « Entraînement Trekfit en groupe »,2022-09-18,Longueil
Atelier « Entraînement Trekfit en groupe »,2022-10-16,Longueil
Atelier « Entraînement Trekfit en groupe »,2022-11-20,Longueil
Atelier « Entraînement Trekfit en groupe »,2022-09-18,Longueil
Atelier « Entraînement Trekfit en groupe »,2022-10-16,Longueil
Atelier « Entraînement Trekfit en groupe »,2022-11-20,Longueil
Journées pédagogiques dans les bibliothèques,2022-09-21,Longueil
Journées pédagogiques dans les bibliothèques,2022-11-17,Longueil
Club LEGO®,2022-09-21,Longueil
Club LEGO®,2022-10-21,Longueil
Club LEGO®,2022-11-17,Longueil
Club LEGO®,2022-11-18,Longueil
Club LEGO®,2022-10-12,Longueil
Club LEGO®,2022-12-07,Longueil
Sortie : Verger de la Savane,2022-09-21,Longueil
Spectacle d'humour optimiste,2022-09-22,Longueil
Conférence « Jardinage automnal »,2022-09-22,Longueil
Cité Ados : Fête d'ouverture,2022-09-23,Longueil
La vente de garage des artistes,2022-09-24,Longueil
Atelier de création de contes,2022-09-24,Longueil
Contes autour du monde (heure du conte),2022-09-24,Longueil
Contes autour du monde (heure du conte),2022-10-08,Longueil
Contes autour du monde (heure du conte),2022-11-05,Longueil
Contes autour du monde (heure du conte),2022-10-08,Longueil
Contes autour du monde (heure du conte),2022-11-12,Longueil
Contes autour du monde (heure du conte),2022-10-15,Longueil
Contes autour du monde (heure du conte),2022-12-03,Longueil
Contes autour du monde (heure du conte),2022-10-22,Longueil
Contes autour du monde (heure du conte),2022-12-10,Longueil
Conférences et ateliers au Marché public de Longueuil,2022-09-24,Longueil
Conférences et ateliers au Marché public de Longueuil,2022-09-24,Longueil
Conférences et ateliers au Marché public de Longueuil,2022-10-15,Longueil
Conférences et ateliers au Marché public de Longueuil,2022-10-15,Longueil
Conférences et ateliers au Marché public de Longueuil,2022-11-05,Longueil
Conférences et ateliers au Marché public de Longueuil,2022-11-05,Longueil
Conférences et ateliers au Marché public de Longueuil,2022-12-03,Longueil
Conférences et ateliers au Marché public de Longueuil,2022-12-03,Longueil
Conférences et ateliers au Marché public de Longueuil,2022-12-17,Longueil
Conférences et ateliers au Marché public de Longueuil,2022-12-17,Longueil
Culturellement parlant : Gino Quilico,2022-09-25,Longueil
Cité Ados : Activités pour les 9 à 12 ans,2022-09-30,Longueil
Cité Ados : Activités pour les 9 à 12 ans,2022-09-30,Longueil
Cité Ados : Activités pour les 9 à 12 ans,2022-10-15,Longueil
Cité Ados : Activités pour les 9 à 12 ans,2022-10-15,Longueil
Cité Ados : Activités pour les 9 à 12 ans,2022-10-22,Longueil
Cité Ados : Activités pour les 9 à 12 ans,2022-10-22,Longueil
Spectacle-bénéfice Tocadéo,2022-10-14,Longueil
Journée nationale des aînés,2022-09-30,Longueil
Les Journées de la culture : toute la culture qu'on peut souhaiter,2022-09-30,Longueil
"Conférence : « Nouvelle tendance des petits fruits, culture et entretien »",2022-09-20,Longueil
105e de Greenfield Park,2022-09-17,Longueil
Médialab : on a besoin de vos idées!,2022-10-01,Longueil
"Hiver - printemps 2020/2021 : Exposition de Paul « Tex » Lecor, Fils de la liberté",2022-12-08,Repentigny
Points de vue: une collection en évolution,2022-02-10,Repentigny
Dans les yeux de ma soeur : Carole Dufresne ,2022-02-10,Repentigny
Table ronde - Des personnages féminins forts,2022-03-09,Repentigny
Histoire en ligne,2022-03-11,Repentigny
Contes surprises avec Lucie - Le corps humain,2022-03-12,Repentigny
Atelier bougeotte - Potage aux légumes,2022-03-14,Repentigny
Réseaux sociaux : vers une utilisation responsable,2022-03-18,Repentigny
Conférence rénovation écologique,2022-03-18,Repentigny
Introduction au concept de l’infonuagique,2022-03-25,Repentigny
Contes surprises avec Lucie - Pâques,2022-03-26,Repentigny
Cliquer ou ne pas cliquer : Reconnaître et se protéger de l'hameçonnage,2022-03-30,Repentigny
Les animaux de Pâques,2022-04-01,Repentigny
Les animaux de Pâques,2022-04-01,Repentigny
Histoire en ligne,2022-04-08,Repentigny
Contes surprises avec Lucie - La ferme,2022-04-09,Repentigny
Planète en musique,2022-04-11,Repentigny
Atelier de lecture - Sensibilisation à l'autisme,2022-04-17,Repentigny
Bien manger : pour le meilleur et le plaisir,2022-04-20,Repentigny
Écrits fantômes : moeurs et usages de l'éditeur moderne,2022-04-22,Repentigny
Contes surprises avec Lucie - Les oiseaux,2022-04-23,Repentigny
La mystérieuse école,2022-05-02,Repentigny
"Exposition Paul Tex Lecor : fils de la liberté - Robert Bernier, commissaire ",2022-05-04,Repentigny
Histoire en ligne,2022-05-06,Repentigny
Contes surprises avec Lucie - Les insectes,2022-05-07,Repentigny
Apprentis jardiniers,2022-05-15,Repentigny
"Table ronde - Écrire, un autre métier",2022-05-18,Repentigny
Contes surprises avec Lucie - La famille,2022-05-21,Repentigny
Le bonheur d'être un parent imparfait,2022-06-01,Repentigny
Histoire en ligne,2022-06-03,Repentigny
Contes surprises avec Lucie - L'été,2022-06-04,Repentigny
Printemps 2022 : Exposition Carnaval l'univers des Cowboys Fringants,2022-06-22,Repentigny
Exposition Traces - les vestiges nous racontent,2022-04-01,Quebec
Exposition Traces - les vestiges nous racontent,2022-04-01,Quebec
Exposition Traces - les vestiges nous racontent,2022-04-01,Quebec
Exposition Traces - les vestiges nous racontent,2022-04-01,Quebec
Exposition Traces - les vestiges nous racontent,2022-04-01,Quebec
Exposition Traces - les vestiges nous racontent,2022-04-01,Quebec
Visites de l'Oratoire Saint-Joseph / Lieu de mÃ©moire des SÅ“urs de Saint-Joseph de Saint-Vallier,2022-01-01,Quebec
Cours en ligne : MÃ©tiers d'art et arts visuels,2022-02-25,Quebec
Cours en ligne : MÃ©tiers d'art et arts visuels,2022-02-25,Quebec
Cours en ligne : MÃ©tiers d'art et arts visuels,2022-02-25,Quebec
Cours en ligne : MÃ©tiers d'art et arts visuels,2022-02-25,Quebec
Attention : fragile,2022-03-01,Quebec
Attention : fragile,2022-03-01,Quebec
Attention : fragile,2022-03-01,Quebec
HUSH,2022-02-10,Quebec
HUSH,2022-02-10,Quebec
HUSH,2022-02-10,Quebec
BLOCK,2022-05-19,Quebec
BLOCK,2022-05-19,Quebec
BLOCK,2022-05-19,Quebec
"Exposition inaugurale, une mission axÃ©e vers la communautÃ©, la congrÃ©gation Notre-Dame au cÅ“ur de Beauport",2022-11-25,Quebec
"Exposition inaugurale, une mission axÃ©e vers la communautÃ©, la congrÃ©gation Notre-Dame au cÅ“ur de Beauport",2022-11-25,Quebec
"Exposition inaugurale, une mission axÃ©e vers la communautÃ©, la congrÃ©gation Notre-Dame au cÅ“ur de Beauport",2022-11-25,Quebec
"Exposition inaugurale, une mission axÃ©e vers la communautÃ©, la congrÃ©gation Notre-Dame au cÅ“ur de Beauport",2022-11-25,Quebec
"Exposition inaugurale, une mission axÃ©e vers la communautÃ©, la congrÃ©gation Notre-Dame au cÅ“ur de Beauport",2022-11-25,Quebec
"Exposition inaugurale, une mission axÃ©e vers la communautÃ©, la congrÃ©gation Notre-Dame au cÅ“ur de Beauport",2022-11-25,Quebec
"Exposition inaugurale, une mission axÃ©e vers la communautÃ©, la congrÃ©gation Notre-Dame au cÅ“ur de Beauport",2022-11-25,Quebec
"Exposition inaugurale, une mission axÃ©e vers la communautÃ©, la congrÃ©gation Notre-Dame au cÅ“ur de Beauport",2022-11-25,Quebec
"Exposition inaugurale, une mission axÃ©e vers la communautÃ©, la congrÃ©gation Notre-Dame au cÅ“ur de Beauport",2022-11-25,Quebec
"Exposition inaugurale, une mission axÃ©e vers la communautÃ©, la congrÃ©gation Notre-Dame au cÅ“ur de Beauport",2022-11-25,Quebec
GÃ©oRallye avec GPS Vieux-QuÃ©bec Sous la neige !,2022-11-26,Quebec
GÃ©oRallye avec GPS Vieux-QuÃ©bec Sous la neige !,2022-11-26,Quebec
GÃ©oRallye avec GPS Vieux-QuÃ©bec Sous la neige !,2022-11-26,Quebec
GÃ©oRallye avec GPS Vieux-QuÃ©bec Sous la neige !,2022-11-26,Quebec
GÃ©oRallye avec GPS Vieux-QuÃ©bec Sous la neige !,2022-11-26,Quebec
GÃ©oRallye avec GPS Vieux-QuÃ©bec Sous la neige !,2022-11-26,Quebec
GÃ©oRallye avec GPS Vieux-QuÃ©bec Sous la neige !,2022-11-26,Quebec
GÃ©oRallye avec GPS Vieux-QuÃ©bec Sous la neige !,2022-11-26,Quebec
GÃ©oRallye avec GPS Vieux-QuÃ©bec Sous la neige !,2022-11-26,Quebec
GÃ©oRallye avec GPS Vieux-QuÃ©bec Sous la neige !,2022-11-26,Quebec
GÃ©oRallye avec GPS Vieux-QuÃ©bec Sous la neige !,2022-11-26,Quebec
Exposition du RTC : 50 ans d'histoire en commun,2022-12-01,Quebec
Exposition du RTC : 50 ans d'histoire en commun,2022-12-01,Quebec
Exposition du RTC : 50 ans d'histoire en commun,2022-12-01,Quebec
Exposition du RTC : 50 ans d'histoire en commun,2022-12-01,Quebec
Exposition du RTC : 50 ans d'histoire en commun,2022-12-01,Quebec
Exposition du RTC : 50 ans d'histoire en commun,2022-12-01,Quebec
Exposition du RTC : 50 ans d'histoire en commun,2022-12-01,Quebec
Exposition du RTC : 50 ans d'histoire en commun,2022-12-01,Quebec
Exposition du RTC : 50 ans d'histoire en commun,2022-12-01,Quebec
Exposition du RTC : 50 ans d'histoire en commun,2022-12-01,Quebec
Exposition du RTC : 50 ans d'histoire en commun,2022-12-01,Quebec
Exposition du RTC : 50 ans d'histoire en commun,2022-12-01,Quebec
Exposition du RTC : 50 ans d'histoire en commun,2022-12-01,Quebec
Exposition du RTC : 50 ans d'histoire en commun,2022-12-01,Quebec
Exposition du RTC : 50 ans d'histoire en commun,2022-12-01,Quebec
"Exposition ""Ici, on brassait la biÃ¨re !""",2022-01-06,Quebec
"Exposition ""Ici, on brassait la biÃ¨re !""",2022-01-06,Quebec
"Exposition ""Ici, on brassait la biÃ¨re !""",2022-01-06,Quebec
"Exposition ""Ici, on brassait la biÃ¨re !""",2022-01-06,Quebec
"Exposition ""Ici, on brassait la biÃ¨re !""",2022-01-06,Quebec
"Exposition ""Ici, on brassait la biÃ¨re !""",2022-01-06,Quebec
"Exposition ""Ici, on brassait la biÃ¨re !""",2022-01-06,Quebec
"Exposition ""Ici, on brassait la biÃ¨re !""",2022-01-06,Quebec
Exposition ''RÃ©vÃ©lations'',2022-01-06,Quebec
Exposition ''RÃ©vÃ©lations'',2022-01-06,Quebec
Exposition ''RÃ©vÃ©lations'',2022-01-06,Quebec
Exposition ''RÃ©vÃ©lations'',2022-01-06,Quebec
Exposition ''RÃ©vÃ©lations'',2022-01-06,Quebec
Exposition ''RÃ©vÃ©lations'',2022-01-06,Quebec
Exposition ''RÃ©vÃ©lations'',2022-01-06,Quebec
Exposition ''RÃ©vÃ©lations'',2022-01-06,Quebec
Exposition ''RÃ©vÃ©lations'',2022-01-06,Quebec
GÃ©oRallye avec GPS Sur la route de la biÃ¨re avec ou sans dÃ©gustation,2022-01-06,Quebec
GÃ©oRallye avec GPS Sur la route de la biÃ¨re avec ou sans dÃ©gustation,2022-01-06,Quebec
GÃ©oRallye avec GPS Sur la route de la biÃ¨re avec ou sans dÃ©gustation,2022-01-06,Quebec
GÃ©oRallye avec GPS Sur la route de la biÃ¨re avec ou sans dÃ©gustation,2022-01-06,Quebec
GÃ©oRallye avec GPS Sur la route de la biÃ¨re avec ou sans dÃ©gustation,2022-01-06,Quebec
GÃ©oRallye avec GPS Sur la route de la biÃ¨re avec ou sans dÃ©gustation,2022-01-06,Quebec
GÃ©oRallye avec GPS Sur la route de la biÃ¨re avec ou sans dÃ©gustation,2022-01-06,Quebec
GÃ©oRallye avec GPS Sur la route de la biÃ¨re avec ou sans dÃ©gustation,2022-01-06,Quebec
GÃ©oRallye avec GPS Sur la route de la biÃ¨re avec ou sans dÃ©gustation,2022-01-06,Quebec
GÃ©oRallye avec GPS Sur la route de la biÃ¨re avec ou sans dÃ©gustation,2022-01-06,Quebec
Rallye de l'Intendant dans les voÃ»tes du palais,2022-01-06,Quebec
Rallye de l'Intendant dans les voÃ»tes du palais,2022-01-06,Quebec
Rallye de l'Intendant dans les voÃ»tes du palais,2022-01-06,Quebec
Rallye de l'Intendant dans les voÃ»tes du palais,2022-01-06,Quebec
Rallye de l'Intendant dans les voÃ»tes du palais,2022-01-06,Quebec
Rallye de l'Intendant dans les voÃ»tes du palais,2022-01-06,Quebec
Rallye de l'Intendant dans les voÃ»tes du palais,2022-01-06,Quebec
Rallye de l'Intendant dans les voÃ»tes du palais,2022-01-06,Quebec
Rallye de l'Intendant dans les voÃ»tes du palais,2022-01-06,Quebec
Rallye de l'Intendant dans les voÃ»tes du palais,2022-01-06,Quebec
Pantoum Boutique saison 2 ,2022-09-20,Quebec
Pantoum Boutique saison 2 ,2022-09-20,Quebec
Pantoum Boutique saison 2 ,2022-09-20,Quebec
Application mobile Parcs symphoniques,2022-09-20,Quebec
Application mobile Parcs symphoniques,2022-09-20,Quebec
Balado De la tÃªte Ã  l'Ã©cran,2022-10-31,Quebec
QuÃ©bec se souvient : 400 ans de prÃ©sence Ã  l'HÃ´pital-GÃ©nÃ©ral,2022-12-15,Quebec
QuÃ©bec se souvient : 400 ans de prÃ©sence Ã  l'HÃ´pital-GÃ©nÃ©ral,2022-12-15,Quebec
QuÃ©bec se souvient : 150e du dÃ©part de la Garnison Britannique,2022-11-24,Quebec
QuÃ©bec se souvient : 150e du dÃ©part de la Garnison Britannique,2022-11-24,Quebec
QuÃ©bec se souvient : 125e du parc Victoria,2022-10-28,Quebec
QuÃ©bec se souvient : 125e du parc Victoria,2022-10-28,Quebec
Aurora Borealis,2022-01-01,Quebec
RandonnÃ©e aux flambeaux des rapides!,2022-01-14,Quebec
RandonnÃ©e aux flambeaux des rapides!,2022-01-14,Quebec
RandonnÃ©e aux flambeaux des rapides!,2022-01-14,Quebec
RandonnÃ©e aux flambeaux,2022-01-15,Quebec
RandonnÃ©e aux flambeaux,2022-01-15,Quebec
RandonnÃ©e aux flambeaux,2022-01-15,Quebec
RandonnÃ©e aux flambeaux des rapides!,2022-01-15,Quebec
RandonnÃ©e aux flambeaux des rapides!,2022-01-15,Quebec
RandonnÃ©e aux flambeaux des rapides!,2022-01-15,Quebec
RandonnÃ©e aux flambeaux en raquettes ,2022-01-15,Quebec
RandonnÃ©e aux flambeaux en raquettes ,2022-01-15,Quebec
RandonnÃ©e aux flambeaux en raquettes ,2022-01-15,Quebec
RandonnÃ©e aux flambeaux en ski de fond ,2022-01-21,Quebec
RandonnÃ©e aux flambeaux en ski de fond ,2022-01-21,Quebec
RandonnÃ©e aux flambeaux en ski de fond ,2022-01-21,Quebec
RandonnÃ©e aux flambeaux,2022-01-22,Quebec
RandonnÃ©e aux flambeaux,2022-01-22,Quebec
RandonnÃ©e aux flambeaux,2022-01-22,Quebec
RandonnÃ©e aux flambeaux,2022-01-29,Quebec
RandonnÃ©e aux flambeaux,2022-01-29,Quebec
RandonnÃ©e aux flambeaux,2022-01-29,Quebec
RandonnÃ©e aux flambeaux en raquettes ,2022-01-29,Quebec
RandonnÃ©e aux flambeaux en raquettes ,2022-01-29,Quebec
RandonnÃ©e aux flambeaux en raquettes ,2022-01-29,Quebec
RandonnÃ©e aux flambeaux en ski de fond ,2022-02-04,Quebec
RandonnÃ©e aux flambeaux en ski de fond ,2022-02-04,Quebec
RandonnÃ©e aux flambeaux en ski de fond ,2022-02-04,Quebec
RandonnÃ©e aux flambeaux,2022-02-05,Quebec
RandonnÃ©e aux flambeaux,2022-02-05,Quebec
RandonnÃ©e aux flambeaux,2022-02-05,Quebec
RandonnÃ©e aux flambeaux,2022-02-12,Quebec
RandonnÃ©e aux flambeaux,2022-02-12,Quebec
RandonnÃ©e aux flambeaux,2022-02-12,Quebec
RandonnÃ©e aux flambeaux en raquettes ,2022-02-12,Quebec
RandonnÃ©e aux flambeaux en raquettes ,2022-02-12,Quebec
RandonnÃ©e aux flambeaux en raquettes ,2022-02-12,Quebec
RandonnÃ©e aux flambeaux en ski de fond ,2022-02-18,Quebec
RandonnÃ©e aux flambeaux en ski de fond ,2022-02-18,Quebec
RandonnÃ©e aux flambeaux en ski de fond ,2022-02-18,Quebec
RandonnÃ©e aux flambeaux,2022-02-19,Quebec
RandonnÃ©e aux flambeaux,2022-02-19,Quebec
RandonnÃ©e aux flambeaux,2022-02-19,Quebec
RandonnÃ©e aux flambeaux,2022-02-26,Quebec
RandonnÃ©e aux flambeaux,2022-02-26,Quebec
RandonnÃ©e aux flambeaux,2022-02-26,Quebec
RandonnÃ©e aux flambeaux en raquettes ,2022-02-26,Quebec
RandonnÃ©e aux flambeaux en raquettes ,2022-02-26,Quebec
RandonnÃ©e aux flambeaux en raquettes ,2022-02-26,Quebec
RandonnÃ©e aux flambeaux des rapides!,2022-03-04,Quebec
RandonnÃ©e aux flambeaux des rapides!,2022-03-04,Quebec
RandonnÃ©e aux flambeaux des rapides!,2022-03-04,Quebec
RandonnÃ©e aux flambeaux des rapides!,2022-03-05,Quebec
RandonnÃ©e aux flambeaux des rapides!,2022-03-05,Quebec
RandonnÃ©e aux flambeaux des rapides!,2022-03-05,Quebec
RandonnÃ©e aux flambeaux en pleine nature,2022-02-04,Quebec
RandonnÃ©e aux flambeaux en pleine nature,2022-02-04,Quebec
RandonnÃ©e aux flambeaux en pleine nature,2022-02-04,Quebec
RandonnÃ©e aux flambeaux en pleine nature,2022-02-05,Quebec
RandonnÃ©e aux flambeaux en pleine nature,2022-02-05,Quebec
RandonnÃ©e aux flambeaux en pleine nature,2022-02-05,Quebec
RandonnÃ©e aux flambeaux en pleine nature,2022-02-18,Quebec
RandonnÃ©e aux flambeaux en pleine nature,2022-02-18,Quebec
RandonnÃ©e aux flambeaux en pleine nature,2022-02-18,Quebec
RandonnÃ©e aux flambeaux en pleine nature,2022-02-19,Quebec
RandonnÃ©e aux flambeaux en pleine nature,2022-02-19,Quebec
RandonnÃ©e aux flambeaux en pleine nature,2022-02-19,Quebec
